name,instruments,count
馬場孝喜,ag / gt / pf,368
竹内直,as / as.ts / pf / ts / ts.as / ts.bcl / ts.etc / ts.fl / ts.fl.bcl / ts.ss / ts.ts,260
橋爪亮督,ctrinics.ts / ts / ts.ryricon,255
西嶋徹,b / vln / wb / wb.vln,237
かみむら泰一,as / pf / ss.ts / ts / ts.ss,235
小牧良平,b / wb,223
西山瞳,pf,211
鈴木央紹,ts,209
佐藤“ハチ”恭彦,b,171
池長一美,ds / gt,170
今泉総之輔,ds,165
栗田妙子,pf / pf.pianica,164
福冨博,gt,163
清水翠,pf / vo,162
青木タイセイ,eb / etc / tb / tb.eb / tb.etc,162
東海林由孝,gt,158
山口真文,ts / ts.ss,150
大村亘,ds / tabla.ds,147
吉岡大輔,ds,141
市野元彦,b / gt,137
リン・ヘイテツ,pf,135
落合康介,b / ds / wb,132
田中信正,pf / ts,130
中牟礼貞則,b / gt,129
小太刀のばら,pf / ts,126
原大力,ds,125
吉野弘志,b,119
カイドーユタカ,b,118
佐藤浩一,pf,115
安東昇,b / wb,112
座小田諒一,b / wb,112
則武諒,ds,106
江藤良人,ds,94
滝野聡,gt,86
渋谷毅,pf,81
古木佳祐,b,80
岡田ケイタ,ds,75
清野拓巳,gt,73
俵山昌之,b,67
蜂谷真紀,pf.vo / vo / vo.pf,66
服部正嗣,ds,65
露木達也,ag / gt,60
須川崇志,b,58
千葉広樹,b,57
清水勇博,ds,52
林栄一,as / ss,51
高樹レイ,vo,48
山本昌広,as,47
布施音人,pf,46
池戸祐太,gt,45
坂崎拓也,b,42
甲斐正樹,b / wb,42
石渡明廣,gt,41
浅川太平,pf,39
白石美徳,ds,39
塩谷博之,as / pf / ss,38
纐纈雅代,as,35
鈴木勲,b,34
清水麻八子,vo,33
土井徳浩,cl,32
岡田ヨシヒロ,ds,32
岡田佳太,ds,32
山崎隼,ds,31
米田正義,pf,31
西村和彦,pf,31
吉田豊,b,29
宮上啓仁,b,29
小畑和彦,ag / gt,26
酒井俊,vo,26
閑喜弦介,ag / eg / gt,26
道下和彦,gt,25
田中徳崇,ds,24
萬恭隆,b,24
菅原高志,ds,23
中村善郎,ag.vo / agt.vo / gt.vo / vo.ag / vo.agt / vo.gt,22
井上淑彦,ts,21
東保光,b,20
吉本章紘,as / ts,18
塙正貴,as / ss,17
奧村美里,pf,17
清水昭好,b,17
酒井麻生代,fl,17
類家心平,tp,17
ませひろこ,as.ss / ss,16
山中一毅,as,16
山田晃路,b,16
津嘉山梢,pf,16
外山明,ds,15
定仙哲也,gt,15
工藤精,b,15
清水絵理子,pf,15
牧知恵子,pf,15
金森基,b,15
石川広行,tp / ts,14
宮野弘紀,ag / gt,13
望月慎一郎,pf / pf.shy,13
鈴木克人,b,13
北川秀生,b,12
安藤信二,ds,12
石井彰,pf,12
納浩一,b,12
小松伸之,ds,11
田口悌治,ag / gt,11
竹村一哲,ds,11
関谷友加里,pf,11
鬼怒無月,gt,11
ユキアリマサ,pf,10
増田涼一郎,gt,10
天野丘,gt,10
宅シューミ朱美,vo.pf,10
小山道之,gt,10
小田島伸樹,gt,10
成田祐一,gt / pf,10
森下周央彌,gt,10
角田健,ds,10
斉藤良,ds,9
田村博,pf,9
秋元修,ds,9
西島芳,pf / pf.vo,9
高内春彦,ag / gt,9
つの犬,ds,8
三嶋大輝,b / wb,8
力武誠,ds,8
山田穣,as,8
岡田佳大,ds,8
市川秀男,pf,8
平岡遊一郎,gt,8
海野俊輔,ds,8
菅野浩,as,8
藤巻鉄郎,ds,8
下梶谷雅人,gt,7
中道みさき,ds,7
古和靖章,gt,7
古野光昭,b,7
坂井紅介,b,7
堀秀彰,pf,7
安井鉄太郎,ds,7
小林洋子,pf,7
川本睦子,vo,7
市尾優作,gt,7
林祐市,pf,7
沢田穣治,b,7
鹿野亮介,as,7
ファビオ・ボッタッツォ,gt,6
マサ・カマグチ,b,6
井上銘,gt,6
佐藤芳明,acc,6
小橋拓弥,gt,6
岩見継吾,b,6
杉山寛,ds,6
松尾由堂,gt,6
田中菜緒子,pf,6
遠藤ふみ,pf,6
鈴木瑤子,pf,6
カモノリコ,pf,5
大塚義将,b,5
奥村美里,pf,5
山下佳孝,ds,5
春木香菜絵,tb,5
進藤陽悟,pf,5
鈴木奈緒,pf,5
丹羽肇,b,4
久保田浩,pf,4
伊藤志宏,pf,4
佐瀬悠輔,tp,4
佐藤節雄,ds,4
加藤吉樹,oud,4
北澤大樹,ds,4
吉良創太,ds,4
村田千紘,tb / tp,4
森下滋,pf,4
森俊洋,ds,4
正清泉,ds,4
永塚博之,b,4
永武幹子,pf / vo,4
津上研太,as,4
浅利史花,gt,4
田中光栄,har / harm,4
石井信義,gt,4
長谷川ガク,ds,4
ジョー・ローゼンバーグ,as / ss,3
ハクエイ・キム,pf,3
加藤一平,gt,3
加藤秀,eb,3
大村守弘,b,3
太田朱美,fl,3
安田幸司,b,3
小林航太朗,b,3
岡淳,ts,3
岸本賢治,gt,3
平倉初音,pf,3
平松加奈,vln,3
杉山茂生,b,3
松原慶史,gt,3
楠直孝,pf,3
橋本学,ds,3
津村和彦,gt,3
野内遼介,gt,3
高橋賢一,pf,3
スティーブ・バリー,pf,2
バート・シーガー,pf,2
中嶋錠二,pf,2
丸谷茜,ds,2
亀山純弥,gt,2
井上智,gt,2
伊藤勇司,b,2
伊藤大輔,vo,2
佐々木正弘,gt,2
佐藤敬幸,as,2
公手徹太郎,ds,2
吉木稔,b,2
坪井洋,ds,2
大井澄東,ds,2
宮上哲仁,b,2
小美濃悠太,b,2
小西佑果,wb / wb.effect,2
後藤芳子,vo,2
日景修,b,2
有本羅人,tp,2
服部洸太郎,pf,2
木村守弘,b,2
本川悠平,b,2
杉本亮,pf,2
板垣光弘,gt / pf,2
柳沼祐育,ds,2
清野拓己,gt,2
瀬尾高志,b,2
田村和大,pf,2
福田雄也,gt,2
禿耕平,gt,2
若井俊也,b,2
遠藤定,b,2
野力奏一,pf,2
阿部真武,eb,2
飯尾登志,pf,2
高瀬裕,b,2
かむろ耕平,gt,1
なら春子,pf,1
イスル・キム,pf,1
エルセン・プライス,wb,1
マーティー・ホロベック,b,1
ユカリ,fl,1
ワタナベ,ds,1
中尾剛也,gt,1
中嶋徹,pf,1
中林薫平,b,1
二村希一,pf,1
仲石裕介,b,1
仲野麻紀,as,1
佐々木正治,gt,1
佐瀬正,b,1
内山覚,gt,1
北山秀生,b,1
北川秀夫,b,1
千葉征央,b,1
原川誠司,as,1
古野弘志,b,1
吉村章紘,ts,1
吉田優子,pf,1
嘉本信一郎,ds,1
土村和史,b,1
壺阪健登,pf,1
外山安樹子,gt,1
大塚恵,b,1
大西由希子,as,1
大谷訓史,b,1
大隅寿男,ds,1
守屋純子,pf,1
安東信二,ds,1
定岡弘将,ds,1
寺尾ナオ,gt,1
小杉敏,b,1
小林豊美,fl,1
小澤基良,b,1
小牧良太,b,1
小田嶋伸樹,gt,1
山口新悟,ds,1
山田玲,ds,1
山﨑隼,ds,1
岩石功,b,1
岸徹至,b,1
市川莉子,vo,1
布川俊樹,gt,1
平賀マリカ,vo,1
後藤勝,vo,1
後藤沙紀,pf,1
徳田雄一郎,as,1
斉藤敬司郎,b,1
早川泰子,pf,1
有田純弘,gt,1
木畑晴哉,pf,1
李カウ,pf,1
松田広士,ds,1
林正樹,pf,1
柳原由佳,pf,1
森永哲則,ds,1
森重靖宗,eb,1
楠井五月,b,1
樋口広大,ds,1
横山和明,ds,1
永山洋輔,ds,1
永田ジョージ,pf,1
池田聡,b,1
池田芳夫,b,1
海堀弘太,pf,1
瀬戸信行,cl,1
瀬田創太,pf,1
田中正信,pf,1
矢藤亜沙巳,pf,1
矢野義直,gt,1
石川宏行,tp,1
石川真奈美,vo,1
石川隆一,b,1
石渡雅裕,pf,1
石田幹雄,pf,1
神子直之,pf,1
秋田紀彰,b,1
笠井トオル,b,1
笹島明夫,gt,1
米木康志,b,1
粟谷巧,b,1
紅野智彦,pf,1
続木徹,pf,1
織原良次,eb,1
羽仁知治,pf,1
芳垣安洋,ds,1
荒武裕一郎,pf,1
菅野義孝,gt,1
袴塚淳,pf,1
西尾健一,tp,1
谷口英治,cl,1
谷殿明良,tp,1
豊秀彩華,pf,1
野津昌太郎,gt,1
金子健,b,1
金子義浩,b,1
金村基,b,1
鈴木徹大,gt,1
鉄井孝司,b,1
関根敏行,pf,1
青柳誠,pf,1
魚返明未,pf,1
